filename,label
232-23002S1149.png,2S1
047-04002S1143.png,2S1
273-27002S123.png,2S1
043-04002S172.png,2S1
053-05002S126.png,2S1
051-05002S1211.png,2S1
013-01002S112.png,2S1
027-02002S157.png,2S1
251-25002S1263.png,2S1
018-01002S1203.png,2S1
082-08002S1172.png,2S1
106-10002S180.png,2S1
076-07002S1164.png,2S1
066-06002S1190.png,2S1
120-12002S1286.png,2S1
259-25002S1128.png,2S1
298-29002S1227.png,2S1
118-11002S13.png,2S1
023-02002S1136.png,2S1
220-22002S18.png,2S1
263-26002S174.png,2S1
223-22002S140.png,2S1
227-22002S1118.png,2S1
129-12002S1281.png,2S1
041-04002S1185.png,2S1
174-17002S1158.png,2S1
293-29002S1119.png,2S1
049-04002S117.png,2S1
198-19002S175.png,2S1
266-26002S1282.png,2S1
224-22002S192.png,2S1
036-03002S1171.png,2S1
097-09002S1137.png,2S1
008-00002S1155.png,2S1
114-11002S1239.png,2S1
208-20002S1244.png,2S1
117-11002S1267.png,2S1
116-11002S1129.png,2S1
163-16002S1226.png,2S1
194-19002S1285.png,2S1
010-01002S139.png,2S1
063-06002S1125.png,2S1
130-13002S1261.png,2S1
061-06002S1235.png,2S1
004-00002S187.png,2S1
225-22002S1231.png,2S1
001-00002S1154.png,2S1
284-28002S142.png,2S1
217-21002S128.png,2S1
180-18002S1177.png,2S1
188-18002S124.png,2S1
291-29002S1230.png,2S1
045-04002S1254.png,2S1
022-02002S1297.png,2S1
184-18002S1260.png,2S1
283-28002S190.png,2S1
107-10002S1241.png,2S1
147-14002S1243.png,2S1
016-01002S1229.png,2S1
151-15002S137.png,2S1
182-18002S169.png,2S1
124-12002S1208.png,2S1
080-08002S155.png,2S1
113-11002S1188.png,2S1
201-20002S1252.png,2S1
252-25002S1238.png,2S1
086-08002S1248.png,2S1
248-24002S1240.png,2S1
060-06002S177.png,2S1
141-14002S162.png,2S1
173-17002S1270.png,2S1
006-00002S1278.png,2S1
289-28002S1114.png,2S1
253-25002S178.png,2S1
119-11002S1162.png,2S1
261-26002S1182.png,2S1
112-11002S148.png,2S1
278-27002S1205.png,2S1
074-07002S151.png,2S1
254-25002S154.png,2S1
235-23002S1277.png,2S1
108-10002S153.png,2S1
100-10002S1187.png,2S1
271-27002S1214.png,2S1
149-14002S1220.png,2S1
268-26002S1179.png,2S1
176-17002S144.png,2S1
241-24002S1237.png,2S1
265-26002S1257.png,2S1
277-27002S197.png,2S1
126-12002S118.png,2S1
281-28002S1276.png,2S1
202-20002S1294.png,2S1
183-18002S1206.png,2S1
046-04002S1284.png,2S1
256-25002S1161.png,2S1
007-00002S1121.png,2S1
137-13002S1204.png,2S1
288-28002S1271.png,2S1
181-18002S121.png,2S1
068-06002S1242.png,2S1
237-23002S188.png,2S1
038-03002S1289.png,2S1
213-21002S1111.png,2S1
155-15002S1102.png,2S1
021-02002S1250.png,2S1
071-07002S1265.png,2S1
144-14002S1290.png,2S1
093-09002S158.png,2S1
195-19002S1147.png,2S1
295-29002S1151.png,2S1
238-23002S1201.png,2S1
105-10002S1127.png,2S1
104-10002S1269.png,2S1
030-03002S1139.png,2S1
267-26002S1140.png,2S1
167-16002S1156.png,2S1
206-20002S1219.png,2S1
075-07002S1189.png,2S1
057-05002S194.png,2S1
166-16002S116.png,2S1
148-14002S160.png,2S1
234-23002S1116.png,2S1
110-11002S1160.png,2S1
140-14002S1223.png,2S1
159-15002S1167.png,2S1
191-19002S165.png,2S1
246-24002S1193.png,2S1
171-17002S185.png,2S1
084-08002S1138.png,2S1
131-13002S199.png,2S1
177-17002S1202.png,2S1
081-08002S1217.png,2S1
172-17002S1113.png,2S1
221-22002S1152.png,2S1
187-18002S1288.png,2S1
243-24002S1123.png,2S1
024-02002S134.png,2S1
214-21002S159.png,2S1
127-12002S1180.png,2S1
002-00002S1195.png,2S1
128-12002S1141.png,2S1
228-22002S1157.png,2S1
150-15002S1174.png,2S1
028-02002S1246.png,2S1
193-19002S1181.png,2S1
078-07002S1266.png,2S1
203-20002S1134.png,2S1
280-28002S1115.png,2S1
233-23002S19.png,2S1
091-09002S1169.png,2S1
204-20002S130.png,2S1
145-14002S1133.png,2S1
109-10002S1192.png,2S1
083-08002S132.png,2S1
285-28002S1196.png,2S1
123-12002S1258.png,2S1
121-12002S1148.png,2S1
003-00002S138.png,2S1
089-08002S164.png,2S1
017-01002S186.png,2S1
282-28002S1234.png,2S1
249-24002S181.png,2S1
025-02002S1170.png,2S1
029-02002S1105.png,2S1
035-03002S1218.png,2S1
231-23002S1197.png,2S1
197-19002S1259.png,2S1
290-29002S191.png,2S1
260-26002S125.png,2S1
133-13002S1287.png,2S1
270-27002S173.png,2S1
216-21002S1168.png,2S1
056-05002S1253.png,2S1
294-29002S17.png,2S1
196-19002S1101.png,2S1
142-14002S136.png,2S1
242-24002S1262.png,2S1
275-27002S1280.png,2S1
065-06002S1165.png,2S1
079-07002S1126.png,2S1
039-03002S1130.png,2S1
297-29002S141.png,2S1
012-01002S1153.png,2S1
052-05002S1186.png,2S1
152-15002S163.png,2S1
170-17002S1225.png,2S1
154-15002S1245.png,2S1
073-07002S176.png,2S1
042-04002S1210.png,2S1
122-12002S1100.png,2S1
098-09002S1173.png,2S1
095-09002S1249.png,2S1
072-07002S1236.png,2S1
085-08002S1295.png,2S1
040-04002S127.png,2S1
020-02002S1107.png,2S1
034-03002S156.png,2S1
111-11002S10.png,2S1
158-15002S129.png,2S1
069-06002S183.png,2S1
236-23002S1233.png,2S1
287-28002S110.png,2S1
005-00002S1228.png,2S1
230-23002S143.png,2S1
094-09002S1106.png,2S1
031-03002S1296.png,2S1
099-09002S135.png,2S1
064-06002S15.png,2S1
212-21002S1251.png,2S1
257-25002S14.png,2S1
179-17002S1232.png,2S1
136-13002S168.png,2S1
115-11002S182.png,2S1
088-08002S1224.png,2S1
070-07002S1124.png,2S1
054-05002S1144.png,2S1
050-05002S171.png,2S1
000-00002S111.png,2S1
062-06002S1264.png,2S1
102-10002S11.png,2S1
077-07002S16.png,2S1
245-24002S1163.png,2S1
276-27002S1255.png,2S1
135-13002S122.png,2S1
269-26002S119.png,2S1
058-05002S1209.png,2S1
200-20002S1110.png,2S1
138-13002S196.png,2S1
239-23002S145.png,2S1
139-13002S1256.png,2S1
292-29002S1275.png,2S1
247-24002S152.png,2S1
215-21002S1221.png,2S1
134-13002S1178.png,2S1
103-10002S1159.png,2S1
160-16002S1272.png,2S1
014-01002S1120.png,2S1
162-16002S184.png,2S1
096-09002S1298.png,2S1
033-03002S1108.png,2S1
157-15002S1292.png,2S1
190-19002S1207.png,2S1
178-17002S189.png,2S1
169-16002S1274.png,2S1
279-27002S167.png,2S1
175-17002S114.png,2S1
015-01002S1279.png,2S1
090-09002S133.png,2S1
218-21002S1291.png,2S1
087-08002S1109.png,2S1
209-20002S1103.png,2S1
048-04002S1176.png,2S1
272-27002S1183.png,2S1
032-03002S1247.png,2S1
026-02002S1215.png,2S1
101-10002S149.png,2S1
240-24002S179.png,2S1
255-25002S1191.png,2S1
258-25002S1268.png,2S1
164-16002S1200.png,2S1
199-19002S1213.png,2S1
067-06002S150.png,2S1
210-21002S1135.png,2S1
207-20002S161.png,2S1
185-18002S198.png,2S1
274-27002S1142.png,2S1
250-25002S1122.png,2S1
037-03002S131.png,2S1
168-16002S1117.png,2S1
019-01002S147.png,2S1
009-00002S113.png,2S1
011-01002S1194.png,2S1
226-22002S1273.png,2S1
044-04002S193.png,2S1
143-14002S1175.png,2S1
161-16002S1112.png,2S1
205-20002S1166.png,2S1
132-13002S1145.png,2S1
146-14002S1104.png,2S1
189-18002S1184.png,2S1
153-15002S1222.png,2S1
156-15002S1131.png,2S1
244-24002S12.png,2S1
192-19002S120.png,2S1
055-05002S1283.png,2S1
296-29002S1199.png,2S1
092-09002S1216.png,2S1
262-26002S1212.png,2S1
211-21002S1293.png,2S1
229-22002S115.png,2S1
059-05002S170.png,2S1
125-12002S166.png,2S1
264-26002S195.png,2S1
165-16002S146.png,2S1
186-18002S1146.png,2S1
286-28002S1150.png,2S1
219-21002S1132.png,2S1
222-22002S1198.png,2S1
202-2000BMP2(SN_9566)227.png,BMP2(SN_9566)
119-1100BMP2(SN_9566)125.png,BMP2(SN_9566)
209-2000BMP2(SN_9566)79.png,BMP2(SN_9566)
189-1800BMP2(SN_9566)143.png,BMP2(SN_9566)
056-0500BMP2(SN_9566)197.png,BMP2(SN_9566)
173-1700BMP2(SN_9566)209.png,BMP2(SN_9566)
018-0100BMP2(SN_9566)157.png,BMP2(SN_9566)
035-0300BMP2(SN_9566)169.png,BMP2(SN_9566)
080-0800BMP2(SN_9566)42.png,BMP2(SN_9566)
177-1700BMP2(SN_9566)156.png,BMP2(SN_9566)
083-0800BMP2(SN_9566)24.png,BMP2(SN_9566)
094-0900BMP2(SN_9566)82.png,BMP2(SN_9566)
186-1800BMP2(SN_9566)113.png,BMP2(SN_9566)
215-2100BMP2(SN_9566)172.png,BMP2(SN_9566)
048-0400BMP2(SN_9566)138.png,BMP2(SN_9566)
205-2000BMP2(SN_9566)128.png,BMP2(SN_9566)
154-1500BMP2(SN_9566)189.png,BMP2(SN_9566)
073-0700BMP2(SN_9566)60.png,BMP2(SN_9566)
058-0500BMP2(SN_9566)162.png,BMP2(SN_9566)
075-0700BMP2(SN_9566)148.png,BMP2(SN_9566)
102-1000BMP2(SN_9566)1.png,BMP2(SN_9566)
091-0900BMP2(SN_9566)131.png,BMP2(SN_9566)
125-1200BMP2(SN_9566)53.png,BMP2(SN_9566)
025-0200BMP2(SN_9566)132.png,BMP2(SN_9566)
132-1300BMP2(SN_9566)112.png,BMP2(SN_9566)
008-0000BMP2(SN_9566)119.png,BMP2(SN_9566)
081-0800BMP2(SN_9566)168.png,BMP2(SN_9566)
155-1500BMP2(SN_9566)78.png,BMP2(SN_9566)
192-1900BMP2(SN_9566)14.png,BMP2(SN_9566)
023-0200BMP2(SN_9566)105.png,BMP2(SN_9566)
076-0700BMP2(SN_9566)126.png,BMP2(SN_9566)
097-0900BMP2(SN_9566)106.png,BMP2(SN_9566)
138-1300BMP2(SN_9566)73.png,BMP2(SN_9566)
147-1400BMP2(SN_9566)187.png,BMP2(SN_9566)
183-1800BMP2(SN_9566)159.png,BMP2(SN_9566)
159-1500BMP2(SN_9566)129.png,BMP2(SN_9566)
160-1600BMP2(SN_9566)210.png,BMP2(SN_9566)
167-1600BMP2(SN_9566)120.png,BMP2(SN_9566)
210-2100BMP2(SN_9566)104.png,BMP2(SN_9566)
208-2000BMP2(SN_9566)188.png,BMP2(SN_9566)
092-0900BMP2(SN_9566)167.png,BMP2(SN_9566)
149-1400BMP2(SN_9566)171.png,BMP2(SN_9566)
059-0500BMP2(SN_9566)56.png,BMP2(SN_9566)
185-1800BMP2(SN_9566)74.png,BMP2(SN_9566)
194-1900BMP2(SN_9566)218.png,BMP2(SN_9566)
077-0700BMP2(SN_9566)4.png,BMP2(SN_9566)
019-0100BMP2(SN_9566)36.png,BMP2(SN_9566)
109-1000BMP2(SN_9566)150.png,BMP2(SN_9566)
165-1600BMP2(SN_9566)35.png,BMP2(SN_9566)
017-0100BMP2(SN_9566)67.png,BMP2(SN_9566)
044-0400BMP2(SN_9566)71.png,BMP2(SN_9566)
071-0700BMP2(SN_9566)205.png,BMP2(SN_9566)
120-1200BMP2(SN_9566)219.png,BMP2(SN_9566)
005-0000BMP2(SN_9566)178.png,BMP2(SN_9566)
029-0200BMP2(SN_9566)81.png,BMP2(SN_9566)
114-1100BMP2(SN_9566)184.png,BMP2(SN_9566)
026-0200BMP2(SN_9566)166.png,BMP2(SN_9566)
045-0400BMP2(SN_9566)198.png,BMP2(SN_9566)
052-0500BMP2(SN_9566)145.png,BMP2(SN_9566)
030-0300BMP2(SN_9566)108.png,BMP2(SN_9566)
028-0200BMP2(SN_9566)190.png,BMP2(SN_9566)
137-1300BMP2(SN_9566)158.png,BMP2(SN_9566)
216-2100BMP2(SN_9566)130.png,BMP2(SN_9566)
095-0900BMP2(SN_9566)193.png,BMP2(SN_9566)
152-1500BMP2(SN_9566)50.png,BMP2(SN_9566)
090-0900BMP2(SN_9566)25.png,BMP2(SN_9566)
145-1400BMP2(SN_9566)102.png,BMP2(SN_9566)
006-0000BMP2(SN_9566)213.png,BMP2(SN_9566)
169-1600BMP2(SN_9566)212.png,BMP2(SN_9566)
212-2100BMP2(SN_9566)195.png,BMP2(SN_9566)
079-0700BMP2(SN_9566)96.png,BMP2(SN_9566)
000-0000BMP2(SN_9566)6.png,BMP2(SN_9566)
105-1000BMP2(SN_9566)97.png,BMP2(SN_9566)
207-2000BMP2(SN_9566)48.png,BMP2(SN_9566)
051-0500BMP2(SN_9566)164.png,BMP2(SN_9566)
100-1000BMP2(SN_9566)146.png,BMP2(SN_9566)
128-1200BMP2(SN_9566)109.png,BMP2(SN_9566)
012-0100BMP2(SN_9566)117.png,BMP2(SN_9566)
143-1400BMP2(SN_9566)137.png,BMP2(SN_9566)
098-0900BMP2(SN_9566)135.png,BMP2(SN_9566)
060-0600BMP2(SN_9566)61.png,BMP2(SN_9566)
011-0100BMP2(SN_9566)151.png,BMP2(SN_9566)
181-1800BMP2(SN_9566)15.png,BMP2(SN_9566)
157-1500BMP2(SN_9566)225.png,BMP2(SN_9566)
078-0700BMP2(SN_9566)206.png,BMP2(SN_9566)
117-1100BMP2(SN_9566)207.png,BMP2(SN_9566)
222-2200BMP2(SN_9566)154.png,BMP2(SN_9566)
104-1000BMP2(SN_9566)208.png,BMP2(SN_9566)
067-0600BMP2(SN_9566)39.png,BMP2(SN_9566)
093-0900BMP2(SN_9566)45.png,BMP2(SN_9566)
087-0800BMP2(SN_9566)85.png,BMP2(SN_9566)
197-1900BMP2(SN_9566)201.png,BMP2(SN_9566)
043-0400BMP2(SN_9566)58.png,BMP2(SN_9566)
072-0700BMP2(SN_9566)183.png,BMP2(SN_9566)
219-2100BMP2(SN_9566)101.png,BMP2(SN_9566)
112-1100BMP2(SN_9566)37.png,BMP2(SN_9566)
001-0000BMP2(SN_9566)118.png,BMP2(SN_9566)
057-0500BMP2(SN_9566)72.png,BMP2(SN_9566)
140-1400BMP2(SN_9566)174.png,BMP2(SN_9566)
221-2200BMP2(SN_9566)116.png,BMP2(SN_9566)
110-1100BMP2(SN_9566)124.png,BMP2(SN_9566)
136-1300BMP2(SN_9566)54.png,BMP2(SN_9566)
170-1700BMP2(SN_9566)176.png,BMP2(SN_9566)
224-2200BMP2(SN_9566)70.png,BMP2(SN_9566)
176-1700BMP2(SN_9566)34.png,BMP2(SN_9566)
054-0500BMP2(SN_9566)111.png,BMP2(SN_9566)
196-1900BMP2(SN_9566)77.png,BMP2(SN_9566)
038-0300BMP2(SN_9566)222.png,BMP2(SN_9566)
055-0500BMP2(SN_9566)216.png,BMP2(SN_9566)
134-1300BMP2(SN_9566)140.png,BMP2(SN_9566)
146-1400BMP2(SN_9566)80.png,BMP2(SN_9566)
123-1200BMP2(SN_9566)200.png,BMP2(SN_9566)
021-0200BMP2(SN_9566)194.png,BMP2(SN_9566)
103-1000BMP2(SN_9566)123.png,BMP2(SN_9566)
199-1900BMP2(SN_9566)165.png,BMP2(SN_9566)
064-0600BMP2(SN_9566)3.png,BMP2(SN_9566)
113-1100BMP2(SN_9566)147.png,BMP2(SN_9566)
156-1500BMP2(SN_9566)100.png,BMP2(SN_9566)
135-1300BMP2(SN_9566)16.png,BMP2(SN_9566)
168-1600BMP2(SN_9566)90.png,BMP2(SN_9566)
040-0400BMP2(SN_9566)19.png,BMP2(SN_9566)
108-1000BMP2(SN_9566)41.png,BMP2(SN_9566)
074-0700BMP2(SN_9566)40.png,BMP2(SN_9566)
150-1500BMP2(SN_9566)136.png,BMP2(SN_9566)
201-2000BMP2(SN_9566)196.png,BMP2(SN_9566)
069-0600BMP2(SN_9566)64.png,BMP2(SN_9566)
032-0300BMP2(SN_9566)191.png,BMP2(SN_9566)
171-1700BMP2(SN_9566)66.png,BMP2(SN_9566)
014-0100BMP2(SN_9566)92.png,BMP2(SN_9566)
086-0800BMP2(SN_9566)192.png,BMP2(SN_9566)
009-0000BMP2(SN_9566)8.png,BMP2(SN_9566)
002-0000BMP2(SN_9566)152.png,BMP2(SN_9566)
111-1100BMP2(SN_9566)0.png,BMP2(SN_9566)
024-0200BMP2(SN_9566)26.png,BMP2(SN_9566)
161-1600BMP2(SN_9566)88.png,BMP2(SN_9566)
004-0000BMP2(SN_9566)68.png,BMP2(SN_9566)
178-1700BMP2(SN_9566)69.png,BMP2(SN_9566)
153-1500BMP2(SN_9566)173.png,BMP2(SN_9566)
151-1500BMP2(SN_9566)29.png,BMP2(SN_9566)
163-1600BMP2(SN_9566)177.png,BMP2(SN_9566)
175-1700BMP2(SN_9566)9.png,BMP2(SN_9566)
088-0800BMP2(SN_9566)175.png,BMP2(SN_9566)
027-0200BMP2(SN_9566)44.png,BMP2(SN_9566)
047-0400BMP2(SN_9566)110.png,BMP2(SN_9566)
033-0300BMP2(SN_9566)84.png,BMP2(SN_9566)
144-1400BMP2(SN_9566)223.png,BMP2(SN_9566)
223-2200BMP2(SN_9566)32.png,BMP2(SN_9566)
003-0000BMP2(SN_9566)30.png,BMP2(SN_9566)
046-0400BMP2(SN_9566)217.png,BMP2(SN_9566)
184-1800BMP2(SN_9566)202.png,BMP2(SN_9566)
127-1200BMP2(SN_9566)141.png,BMP2(SN_9566)
193-1900BMP2(SN_9566)142.png,BMP2(SN_9566)
115-1100BMP2(SN_9566)63.png,BMP2(SN_9566)
213-2100BMP2(SN_9566)87.png,BMP2(SN_9566)
188-1800BMP2(SN_9566)17.png,BMP2(SN_9566)
231-2300BMP2(SN_9566)153.png,BMP2(SN_9566)
130-1300BMP2(SN_9566)203.png,BMP2(SN_9566)
122-1200BMP2(SN_9566)76.png,BMP2(SN_9566)
226-2200BMP2(SN_9566)211.png,BMP2(SN_9566)
218-2100BMP2(SN_9566)224.png,BMP2(SN_9566)
049-0400BMP2(SN_9566)12.png,BMP2(SN_9566)
166-1600BMP2(SN_9566)11.png,BMP2(SN_9566)
015-0100BMP2(SN_9566)214.png,BMP2(SN_9566)
099-0900BMP2(SN_9566)27.png,BMP2(SN_9566)
182-1800BMP2(SN_9566)55.png,BMP2(SN_9566)
061-0600BMP2(SN_9566)182.png,BMP2(SN_9566)
118-1100BMP2(SN_9566)2.png,BMP2(SN_9566)
158-1500BMP2(SN_9566)21.png,BMP2(SN_9566)
042-0400BMP2(SN_9566)163.png,BMP2(SN_9566)
204-2000BMP2(SN_9566)22.png,BMP2(SN_9566)
070-0700BMP2(SN_9566)94.png,BMP2(SN_9566)
129-1200BMP2(SN_9566)215.png,BMP2(SN_9566)
053-0500BMP2(SN_9566)18.png,BMP2(SN_9566)
034-0300BMP2(SN_9566)43.png,BMP2(SN_9566)
187-1800BMP2(SN_9566)221.png,BMP2(SN_9566)
179-1700BMP2(SN_9566)181.png,BMP2(SN_9566)
180-1800BMP2(SN_9566)139.png,BMP2(SN_9566)
020-0200BMP2(SN_9566)83.png,BMP2(SN_9566)
066-0600BMP2(SN_9566)149.png,BMP2(SN_9566)
089-0800BMP2(SN_9566)51.png,BMP2(SN_9566)
101-1000BMP2(SN_9566)38.png,BMP2(SN_9566)
085-0800BMP2(SN_9566)228.png,BMP2(SN_9566)
013-0100BMP2(SN_9566)7.png,BMP2(SN_9566)
036-0300BMP2(SN_9566)133.png,BMP2(SN_9566)
162-1600BMP2(SN_9566)65.png,BMP2(SN_9566)
164-1600BMP2(SN_9566)155.png,BMP2(SN_9566)
050-0500BMP2(SN_9566)57.png,BMP2(SN_9566)
190-1900BMP2(SN_9566)160.png,BMP2(SN_9566)
206-2000BMP2(SN_9566)170.png,BMP2(SN_9566)
065-0600BMP2(SN_9566)127.png,BMP2(SN_9566)
084-0800BMP2(SN_9566)107.png,BMP2(SN_9566)
228-2200BMP2(SN_9566)121.png,BMP2(SN_9566)
227-2200BMP2(SN_9566)91.png,BMP2(SN_9566)
124-1200BMP2(SN_9566)161.png,BMP2(SN_9566)
211-2100BMP2(SN_9566)226.png,BMP2(SN_9566)
191-1900BMP2(SN_9566)52.png,BMP2(SN_9566)
203-2000BMP2(SN_9566)103.png,BMP2(SN_9566)
007-0000BMP2(SN_9566)93.png,BMP2(SN_9566)
031-0300BMP2(SN_9566)229.png,BMP2(SN_9566)
142-1400BMP2(SN_9566)28.png,BMP2(SN_9566)
133-1300BMP2(SN_9566)220.png,BMP2(SN_9566)
172-1700BMP2(SN_9566)89.png,BMP2(SN_9566)
229-2200BMP2(SN_9566)10.png,BMP2(SN_9566)
062-0600BMP2(SN_9566)204.png,BMP2(SN_9566)
016-0100BMP2(SN_9566)179.png,BMP2(SN_9566)
037-0300BMP2(SN_9566)23.png,BMP2(SN_9566)
116-1100BMP2(SN_9566)98.png,BMP2(SN_9566)
174-1700BMP2(SN_9566)122.png,BMP2(SN_9566)
096-0900BMP2(SN_9566)231.png,BMP2(SN_9566)
198-1900BMP2(SN_9566)59.png,BMP2(SN_9566)
139-1300BMP2(SN_9566)199.png,BMP2(SN_9566)
121-1200BMP2(SN_9566)115.png,BMP2(SN_9566)
131-1300BMP2(SN_9566)75.png,BMP2(SN_9566)
107-1000BMP2(SN_9566)185.png,BMP2(SN_9566)
214-2100BMP2(SN_9566)46.png,BMP2(SN_9566)
010-0100BMP2(SN_9566)31.png,BMP2(SN_9566)
200-2000BMP2(SN_9566)86.png,BMP2(SN_9566)
217-2100BMP2(SN_9566)20.png,BMP2(SN_9566)
106-1000BMP2(SN_9566)62.png,BMP2(SN_9566)
041-0400BMP2(SN_9566)144.png,BMP2(SN_9566)
230-2300BMP2(SN_9566)33.png,BMP2(SN_9566)
220-2200BMP2(SN_9566)5.png,BMP2(SN_9566)
148-1400BMP2(SN_9566)47.png,BMP2(SN_9566)
068-0600BMP2(SN_9566)186.png,BMP2(SN_9566)
225-2200BMP2(SN_9566)180.png,BMP2(SN_9566)
141-1400BMP2(SN_9566)49.png,BMP2(SN_9566)
022-0200BMP2(SN_9566)230.png,BMP2(SN_9566)
126-1200BMP2(SN_9566)13.png,BMP2(SN_9566)
063-0600BMP2(SN_9566)95.png,BMP2(SN_9566)
082-0800BMP2(SN_9566)134.png,BMP2(SN_9566)
195-1900BMP2(SN_9566)114.png,BMP2(SN_9566)
039-0300BMP2(SN_9566)99.png,BMP2(SN_9566)
132-1300BRDM_2145.png,BRDM_2
059-0500BRDM_270.png,BRDM_2
276-2700BRDM_2254.png,BRDM_2
163-1600BRDM_2226.png,BRDM_2
168-1600BRDM_2117.png,BRDM_2
207-2000BRDM_261.png,BRDM_2
246-2400BRDM_2193.png,BRDM_2
169-1600BRDM_2273.png,BRDM_2
295-2900BRDM_2151.png,BRDM_2
126-1200BRDM_218.png,BRDM_2
278-2700BRDM_2205.png,BRDM_2
129-1200BRDM_2280.png,BRDM_2
114-1100BRDM_2238.png,BRDM_2
061-0600BRDM_2234.png,BRDM_2
268-2600BRDM_2179.png,BRDM_2
177-1700BRDM_2202.png,BRDM_2
093-0900BRDM_258.png,BRDM_2
149-1400BRDM_2220.png,BRDM_2
287-2800BRDM_210.png,BRDM_2
221-2200BRDM_2152.png,BRDM_2
055-0500BRDM_2282.png,BRDM_2
274-2700BRDM_2142.png,BRDM_2
157-1500BRDM_2291.png,BRDM_2
167-1600BRDM_2156.png,BRDM_2
216-2100BRDM_2168.png,BRDM_2
186-1800BRDM_2146.png,BRDM_2
200-2000BRDM_2110.png,BRDM_2
110-1100BRDM_2160.png,BRDM_2
016-0100BRDM_2228.png,BRDM_2
107-1000BRDM_2240.png,BRDM_2
214-2100BRDM_259.png,BRDM_2
178-1700BRDM_289.png,BRDM_2
000-0000BRDM_211.png,BRDM_2
117-1100BRDM_2266.png,BRDM_2
240-2400BRDM_279.png,BRDM_2
075-0700BRDM_2189.png,BRDM_2
225-2200BRDM_2230.png,BRDM_2
293-2900BRDM_2119.png,BRDM_2
087-0800BRDM_2109.png,BRDM_2
251-2500BRDM_2262.png,BRDM_2
035-0300BRDM_2218.png,BRDM_2
279-2700BRDM_267.png,BRDM_2
013-0100BRDM_212.png,BRDM_2
192-1900BRDM_220.png,BRDM_2
146-1400BRDM_2104.png,BRDM_2
025-0200BRDM_2170.png,BRDM_2
256-2500BRDM_2161.png,BRDM_2
033-0300BRDM_2108.png,BRDM_2
227-2200BRDM_2118.png,BRDM_2
253-2500BRDM_278.png,BRDM_2
052-0500BRDM_2186.png,BRDM_2
032-0300BRDM_2246.png,BRDM_2
135-1300BRDM_222.png,BRDM_2
063-0600BRDM_2125.png,BRDM_2
116-1100BRDM_2129.png,BRDM_2
002-0000BRDM_2195.png,BRDM_2
159-1500BRDM_2167.png,BRDM_2
100-1000BRDM_2187.png,BRDM_2
208-2000BRDM_2243.png,BRDM_2
210-2100BRDM_2135.png,BRDM_2
042-0400BRDM_2210.png,BRDM_2
086-0800BRDM_2247.png,BRDM_2
181-1800BRDM_221.png,BRDM_2
211-2100BRDM_2292.png,BRDM_2
156-1500BRDM_2131.png,BRDM_2
232-2300BRDM_2149.png,BRDM_2
001-0000BRDM_2154.png,BRDM_2
235-2300BRDM_2276.png,BRDM_2
294-2900BRDM_27.png,BRDM_2
153-1500BRDM_2222.png,BRDM_2
174-1700BRDM_2158.png,BRDM_2
205-2000BRDM_2166.png,BRDM_2
162-1600BRDM_284.png,BRDM_2
090-0900BRDM_233.png,BRDM_2
121-1200BRDM_2148.png,BRDM_2
054-0500BRDM_2144.png,BRDM_2
237-2300BRDM_288.png,BRDM_2
005-0000BRDM_2227.png,BRDM_2
212-2100BRDM_2250.png,BRDM_2
191-1900BRDM_265.png,BRDM_2
275-2700BRDM_2279.png,BRDM_2
037-0300BRDM_231.png,BRDM_2
179-1700BRDM_2231.png,BRDM_2
144-1400BRDM_2289.png,BRDM_2
171-1700BRDM_285.png,BRDM_2
125-1200BRDM_266.png,BRDM_2
257-2500BRDM_24.png,BRDM_2
056-0500BRDM_2252.png,BRDM_2
281-2800BRDM_2275.png,BRDM_2
038-0300BRDM_2288.png,BRDM_2
083-0800BRDM_232.png,BRDM_2
102-1000BRDM_21.png,BRDM_2
262-2600BRDM_2212.png,BRDM_2
143-1400BRDM_2175.png,BRDM_2
028-0200BRDM_2245.png,BRDM_2
085-0800BRDM_2294.png,BRDM_2
079-0700BRDM_2126.png,BRDM_2
187-1800BRDM_2287.png,BRDM_2
215-2100BRDM_2221.png,BRDM_2
007-0000BRDM_2121.png,BRDM_2
076-0700BRDM_2164.png,BRDM_2
026-0200BRDM_2215.png,BRDM_2
280-2800BRDM_2115.png,BRDM_2
223-2200BRDM_240.png,BRDM_2
269-2600BRDM_219.png,BRDM_2
021-0200BRDM_2249.png,BRDM_2
066-0600BRDM_2190.png,BRDM_2
230-2300BRDM_243.png,BRDM_2
133-1300BRDM_2286.png,BRDM_2
241-2400BRDM_2236.png,BRDM_2
154-1500BRDM_2244.png,BRDM_2
113-1100BRDM_2188.png,BRDM_2
105-1000BRDM_2127.png,BRDM_2
031-0300BRDM_2295.png,BRDM_2
190-1900BRDM_2207.png,BRDM_2
148-1400BRDM_260.png,BRDM_2
095-0900BRDM_2248.png,BRDM_2
243-2400BRDM_2123.png,BRDM_2
297-2900BRDM_241.png,BRDM_2
092-0900BRDM_2216.png,BRDM_2
234-2300BRDM_2116.png,BRDM_2
196-1900BRDM_2101.png,BRDM_2
094-0900BRDM_2106.png,BRDM_2
272-2700BRDM_2183.png,BRDM_2
128-1200BRDM_2141.png,BRDM_2
172-1700BRDM_2113.png,BRDM_2
024-0200BRDM_234.png,BRDM_2
064-0600BRDM_25.png,BRDM_2
020-0200BRDM_2107.png,BRDM_2
071-0700BRDM_2264.png,BRDM_2
134-1300BRDM_2178.png,BRDM_2
122-1200BRDM_2100.png,BRDM_2
284-2800BRDM_242.png,BRDM_2
204-2000BRDM_230.png,BRDM_2
104-1000BRDM_2268.png,BRDM_2
220-2200BRDM_28.png,BRDM_2
248-2400BRDM_2239.png,BRDM_2
197-1900BRDM_2258.png,BRDM_2
282-2800BRDM_2233.png,BRDM_2
057-0500BRDM_294.png,BRDM_2
058-0500BRDM_2209.png,BRDM_2
202-2000BRDM_2293.png,BRDM_2
245-2400BRDM_2163.png,BRDM_2
082-0800BRDM_2172.png,BRDM_2
249-2400BRDM_281.png,BRDM_2
089-0800BRDM_264.png,BRDM_2
242-2400BRDM_2261.png,BRDM_2
039-0300BRDM_2130.png,BRDM_2
203-2000BRDM_2134.png,BRDM_2
078-0700BRDM_2265.png,BRDM_2
050-0500BRDM_271.png,BRDM_2
051-0500BRDM_2211.png,BRDM_2
188-1800BRDM_224.png,BRDM_2
070-0700BRDM_2124.png,BRDM_2
236-2300BRDM_2232.png,BRDM_2
124-1200BRDM_2208.png,BRDM_2
011-0100BRDM_2194.png,BRDM_2
004-0000BRDM_287.png,BRDM_2
043-0400BRDM_272.png,BRDM_2
006-0000BRDM_2277.png,BRDM_2
041-0400BRDM_2185.png,BRDM_2
036-0300BRDM_2171.png,BRDM_2
145-1400BRDM_2133.png,BRDM_2
217-2100BRDM_228.png,BRDM_2
263-2600BRDM_274.png,BRDM_2
048-0400BRDM_2176.png,BRDM_2
029-0200BRDM_2105.png,BRDM_2
111-1100BRDM_20.png,BRDM_2
199-1900BRDM_2213.png,BRDM_2
017-0100BRDM_286.png,BRDM_2
123-1200BRDM_2257.png,BRDM_2
103-1000BRDM_2159.png,BRDM_2
180-1800BRDM_2177.png,BRDM_2
288-2800BRDM_2270.png,BRDM_2
189-1800BRDM_2184.png,BRDM_2
289-2800BRDM_2114.png,BRDM_2
270-2700BRDM_273.png,BRDM_2
077-0700BRDM_26.png,BRDM_2
069-0600BRDM_283.png,BRDM_2
170-1700BRDM_2225.png,BRDM_2
283-2800BRDM_290.png,BRDM_2
068-0600BRDM_2241.png,BRDM_2
151-1500BRDM_237.png,BRDM_2
277-2700BRDM_297.png,BRDM_2
046-0400BRDM_2283.png,BRDM_2
136-1300BRDM_268.png,BRDM_2
195-1900BRDM_2147.png,BRDM_2
264-2600BRDM_295.png,BRDM_2
018-0100BRDM_2203.png,BRDM_2
213-2100BRDM_2111.png,BRDM_2
165-1600BRDM_246.png,BRDM_2
265-2600BRDM_2256.png,BRDM_2
173-1700BRDM_2269.png,BRDM_2
131-1300BRDM_299.png,BRDM_2
176-1700BRDM_244.png,BRDM_2
229-2200BRDM_215.png,BRDM_2
255-2500BRDM_2191.png,BRDM_2
030-0300BRDM_2139.png,BRDM_2
049-0400BRDM_217.png,BRDM_2
072-0700BRDM_2235.png,BRDM_2
044-0400BRDM_293.png,BRDM_2
008-0000BRDM_2155.png,BRDM_2
222-2200BRDM_2198.png,BRDM_2
244-2400BRDM_22.png,BRDM_2
108-1000BRDM_253.png,BRDM_2
290-2900BRDM_291.png,BRDM_2
009-0000BRDM_213.png,BRDM_2
142-1400BRDM_236.png,BRDM_2
084-0800BRDM_2138.png,BRDM_2
233-2300BRDM_29.png,BRDM_2
286-2800BRDM_2150.png,BRDM_2
267-2600BRDM_2140.png,BRDM_2
296-2900BRDM_2199.png,BRDM_2
185-1800BRDM_298.png,BRDM_2
224-2200BRDM_292.png,BRDM_2
164-1600BRDM_2200.png,BRDM_2
182-1800BRDM_269.png,BRDM_2
155-1500BRDM_2102.png,BRDM_2
139-1300BRDM_2255.png,BRDM_2
194-1900BRDM_2284.png,BRDM_2
112-1100BRDM_248.png,BRDM_2
239-2300BRDM_245.png,BRDM_2
096-0900BRDM_2297.png,BRDM_2
184-1800BRDM_2259.png,BRDM_2
109-1000BRDM_2192.png,BRDM_2
226-2200BRDM_2272.png,BRDM_2
261-2600BRDM_2182.png,BRDM_2
161-1600BRDM_2112.png,BRDM_2
138-1300BRDM_296.png,BRDM_2
022-0200BRDM_2296.png,BRDM_2
118-1100BRDM_23.png,BRDM_2
040-0400BRDM_227.png,BRDM_2
137-1300BRDM_2204.png,BRDM_2
120-1200BRDM_2285.png,BRDM_2
266-2600BRDM_2281.png,BRDM_2
271-2700BRDM_2214.png,BRDM_2
098-0900BRDM_2173.png,BRDM_2
209-2000BRDM_2103.png,BRDM_2
081-0800BRDM_2217.png,BRDM_2
238-2300BRDM_2201.png,BRDM_2
183-1800BRDM_2206.png,BRDM_2
101-1000BRDM_249.png,BRDM_2
273-2700BRDM_223.png,BRDM_2
047-0400BRDM_2143.png,BRDM_2
250-2500BRDM_2122.png,BRDM_2
012-0100BRDM_2153.png,BRDM_2
218-2100BRDM_2290.png,BRDM_2
228-2200BRDM_2157.png,BRDM_2
252-2500BRDM_2237.png,BRDM_2
091-0900BRDM_2169.png,BRDM_2
014-0100BRDM_2120.png,BRDM_2
065-0600BRDM_2165.png,BRDM_2
053-0500BRDM_226.png,BRDM_2
247-2400BRDM_252.png,BRDM_2
088-0800BRDM_2224.png,BRDM_2
015-0100BRDM_2278.png,BRDM_2
291-2900BRDM_2229.png,BRDM_2
175-1700BRDM_214.png,BRDM_2
166-1600BRDM_216.png,BRDM_2
231-2300BRDM_2197.png,BRDM_2
219-2100BRDM_2132.png,BRDM_2
062-0600BRDM_2263.png,BRDM_2
127-1200BRDM_2180.png,BRDM_2
258-2500BRDM_2267.png,BRDM_2
023-0200BRDM_2136.png,BRDM_2
292-2900BRDM_2274.png,BRDM_2
150-1500BRDM_2174.png,BRDM_2
099-0900BRDM_235.png,BRDM_2
019-0100BRDM_247.png,BRDM_2
073-0700BRDM_276.png,BRDM_2
254-2500BRDM_254.png,BRDM_2
198-1900BRDM_275.png,BRDM_2
045-0400BRDM_2253.png,BRDM_2
193-1900BRDM_2181.png,BRDM_2
285-2800BRDM_2196.png,BRDM_2
115-1100BRDM_282.png,BRDM_2
152-1500BRDM_263.png,BRDM_2
027-0200BRDM_257.png,BRDM_2
097-0900BRDM_2137.png,BRDM_2
106-1000BRDM_280.png,BRDM_2
201-2000BRDM_2251.png,BRDM_2
160-1600BRDM_2271.png,BRDM_2
074-0700BRDM_251.png,BRDM_2
206-2000BRDM_2219.png,BRDM_2
260-2600BRDM_225.png,BRDM_2
010-0100BRDM_239.png,BRDM_2
119-1100BRDM_2162.png,BRDM_2
080-0800BRDM_255.png,BRDM_2
060-0600BRDM_277.png,BRDM_2
140-1400BRDM_2223.png,BRDM_2
130-1300BRDM_2260.png,BRDM_2
259-2500BRDM_2128.png,BRDM_2
034-0300BRDM_256.png,BRDM_2
147-1400BRDM_2242.png,BRDM_2
141-1400BRDM_262.png,BRDM_2
067-0600BRDM_250.png,BRDM_2
158-1500BRDM_229.png,BRDM_2
003-0000BRDM_238.png,BRDM_2
211-2100BTR_60250.png,BTR_60
112-1100BTR_6040.png,BTR_60
054-0500BTR_60123.png,BTR_60
218-2100BTR_60248.png,BTR_60
021-0200BTR_60215.png,BTR_60
087-0800BTR_6094.png,BTR_60
177-1700BTR_60173.png,BTR_60
250-2500BTR_60104.png,BTR_60
035-0300BTR_60186.png,BTR_60
095-0900BTR_60214.png,BTR_60
219-2100BTR_60113.png,BTR_60
023-0200BTR_60117.png,BTR_60
101-1000BTR_6041.png,BTR_60
242-2400BTR_60225.png,BTR_60
075-0700BTR_60162.png,BTR_60
115-1100BTR_6071.png,BTR_60
064-0600BTR_604.png,BTR_60
065-0600BTR_60141.png,BTR_60
001-0000BTR_60131.png,BTR_60
128-1200BTR_60121.png,BTR_60
002-0000BTR_60168.png,BTR_60
103-1000BTR_60136.png,BTR_60
216-2100BTR_60144.png,BTR_60
135-1300BTR_6018.png,BTR_60
163-1600BTR_60194.png,BTR_60
081-0800BTR_60185.png,BTR_60
146-1400BTR_6089.png,BTR_60
240-2400BTR_6068.png,BTR_60
006-0000BTR_60237.png,BTR_60
168-1600BTR_60100.png,BTR_60
165-1600BTR_6038.png,BTR_60
158-1500BTR_6023.png,BTR_60
071-0700BTR_60228.png,BTR_60
003-0000BTR_6032.png,BTR_60
150-1500BTR_60150.png,BTR_60
099-0900BTR_6029.png,BTR_60
056-0500BTR_60218.png,BTR_60
141-1400BTR_6054.png,BTR_60
034-0300BTR_6048.png,BTR_60
094-0900BTR_6091.png,BTR_60
252-2500BTR_60203.png,BTR_60
230-2300BTR_6035.png,BTR_60
055-0500BTR_60240.png,BTR_60
068-0600BTR_60207.png,BTR_60
020-0200BTR_6092.png,BTR_60
104-1000BTR_60231.png,BTR_60
232-2300BTR_60128.png,BTR_60
225-2200BTR_60197.png,BTR_60
010-0100BTR_6033.png,BTR_60
233-2300BTR_607.png,BTR_60
027-0200BTR_6049.png,BTR_60
116-1100BTR_60110.png,BTR_60
152-1500BTR_6055.png,BTR_60
213-2100BTR_6096.png,BTR_60
014-0100BTR_60102.png,BTR_60
200-2000BTR_6095.png,BTR_60
223-2200BTR_6034.png,BTR_60
114-1100BTR_60204.png,BTR_60
109-1000BTR_60165.png,BTR_60
013-0100BTR_609.png,BTR_60
102-1000BTR_601.png,BTR_60
059-0500BTR_6061.png,BTR_60
033-0300BTR_6093.png,BTR_60
237-2300BTR_6077.png,BTR_60
090-0900BTR_6027.png,BTR_60
069-0600BTR_6072.png,BTR_60
145-1400BTR_60114.png,BTR_60
113-1100BTR_60161.png,BTR_60
172-1700BTR_6098.png,BTR_60
208-2000BTR_60209.png,BTR_60
167-1600BTR_60133.png,BTR_60
084-0800BTR_60119.png,BTR_60
011-0100BTR_60167.png,BTR_60
226-2200BTR_60234.png,BTR_60
125-1200BTR_6058.png,BTR_60
184-1800BTR_60223.png,BTR_60
051-0500BTR_60181.png,BTR_60
217-2100BTR_6022.png,BTR_60
072-0700BTR_60201.png,BTR_60
255-2500BTR_60164.png,BTR_60
248-2400BTR_60205.png,BTR_60
083-0800BTR_6026.png,BTR_60
153-1500BTR_60190.png,BTR_60
048-0400BTR_60152.png,BTR_60
133-1300BTR_60244.png,BTR_60
005-0000BTR_60195.png,BTR_60
185-1800BTR_6083.png,BTR_60
136-1300BTR_6059.png,BTR_60
180-1800BTR_60153.png,BTR_60
037-0300BTR_6025.png,BTR_60
199-1900BTR_60182.png,BTR_60
187-1800BTR_60245.png,BTR_60
160-1600BTR_60233.png,BTR_60
131-1300BTR_6084.png,BTR_60
085-0800BTR_60252.png,BTR_60
201-2000BTR_60217.png,BTR_60
249-2400BTR_6070.png,BTR_60
089-0800BTR_6056.png,BTR_60
130-1300BTR_60224.png,BTR_60
186-1800BTR_60125.png,BTR_60
017-0100BTR_6075.png,BTR_60
070-0700BTR_60106.png,BTR_60
019-0100BTR_6039.png,BTR_60
031-0300BTR_60253.png,BTR_60
004-0000BTR_6076.png,BTR_60
236-2300BTR_60199.png,BTR_60
132-1300BTR_60124.png,BTR_60
062-0600BTR_60227.png,BTR_60
204-2000BTR_6024.png,BTR_60
041-0400BTR_60158.png,BTR_60
122-1200BTR_6085.png,BTR_60
036-0300BTR_60147.png,BTR_60
079-0700BTR_60108.png,BTR_60
134-1300BTR_60154.png,BTR_60
015-0100BTR_60238.png,BTR_60
209-2000BTR_6088.png,BTR_60
182-1800BTR_6060.png,BTR_60
039-0300BTR_60111.png,BTR_60
203-2000BTR_60115.png,BTR_60
190-1900BTR_60177.png,BTR_60
196-1900BTR_6086.png,BTR_60
105-1000BTR_60109.png,BTR_60
030-0300BTR_60120.png,BTR_60
057-0500BTR_6081.png,BTR_60
129-1200BTR_60239.png,BTR_60
007-0000BTR_60103.png,BTR_60
188-1800BTR_6019.png,BTR_60
170-1700BTR_60193.png,BTR_60
147-1400BTR_60208.png,BTR_60
205-2000BTR_60142.png,BTR_60
162-1600BTR_6073.png,BTR_60
151-1500BTR_6031.png,BTR_60
169-1600BTR_60235.png,BTR_60
148-1400BTR_6052.png,BTR_60
026-0200BTR_60183.png,BTR_60
229-2200BTR_6012.png,BTR_60
189-1800BTR_60157.png,BTR_60
038-0300BTR_60246.png,BTR_60
107-1000BTR_60206.png,BTR_60
018-0100BTR_60174.png,BTR_60
222-2200BTR_60170.png,BTR_60
086-0800BTR_60213.png,BTR_60
117-1100BTR_60230.png,BTR_60
221-2200BTR_60129.png,BTR_60
044-0400BTR_6080.png,BTR_60
082-0800BTR_60148.png,BTR_60
241-2400BTR_60202.png,BTR_60
215-2100BTR_60189.png,BTR_60
046-0400BTR_60241.png,BTR_60
058-0500BTR_60179.png,BTR_60
144-1400BTR_60247.png,BTR_60
045-0400BTR_60219.png,BTR_60
142-1400BTR_6030.png,BTR_60
032-0300BTR_60212.png,BTR_60
124-1200BTR_60178.png,BTR_60
143-1400BTR_60151.png,BTR_60
234-2300BTR_6099.png,BTR_60
012-0100BTR_60130.png,BTR_60
076-0700BTR_60140.png,BTR_60
110-1100BTR_60137.png,BTR_60
108-1000BTR_6045.png,BTR_60
228-2200BTR_60134.png,BTR_60
092-0900BTR_60184.png,BTR_60
050-0500BTR_6062.png,BTR_60
164-1600BTR_60171.png,BTR_60
066-0600BTR_60163.png,BTR_60
009-0000BTR_6010.png,BTR_60
118-1100BTR_603.png,BTR_60
179-1700BTR_60198.png,BTR_60
049-0400BTR_6014.png,BTR_60
139-1300BTR_60220.png,BTR_60
119-1100BTR_60138.png,BTR_60
243-2400BTR_60105.png,BTR_60
191-1900BTR_6057.png,BTR_60
224-2200BTR_6079.png,BTR_60
043-0400BTR_6063.png,BTR_60
251-2500BTR_60226.png,BTR_60
161-1600BTR_6097.png,BTR_60
024-0200BTR_6028.png,BTR_60
171-1700BTR_6074.png,BTR_60
029-0200BTR_6090.png,BTR_60
047-0400BTR_60122.png,BTR_60
202-2000BTR_60251.png,BTR_60
239-2300BTR_6037.png,BTR_60
074-0700BTR_6043.png,BTR_60
194-1900BTR_60242.png,BTR_60
178-1700BTR_6078.png,BTR_60
245-2400BTR_60139.png,BTR_60
183-1800BTR_60176.png,BTR_60
157-1500BTR_60249.png,BTR_60
195-1900BTR_60126.png,BTR_60
154-1500BTR_60210.png,BTR_60
073-0700BTR_6065.png,BTR_60
120-1200BTR_60243.png,BTR_60
254-2500BTR_6046.png,BTR_60
138-1300BTR_6082.png,BTR_60
247-2400BTR_6044.png,BTR_60
060-0600BTR_6066.png,BTR_60
206-2000BTR_60187.png,BTR_60
238-2300BTR_60172.png,BTR_60
121-1200BTR_60127.png,BTR_60
052-0500BTR_60159.png,BTR_60
028-0200BTR_60211.png,BTR_60
025-0200BTR_60146.png,BTR_60
127-1200BTR_60155.png,BTR_60
077-0700BTR_605.png,BTR_60
156-1500BTR_60112.png,BTR_60
176-1700BTR_6036.png,BTR_60
244-2400BTR_602.png,BTR_60
093-0900BTR_6050.png,BTR_60
137-1300BTR_60175.png,BTR_60
067-0600BTR_6042.png,BTR_60
063-0600BTR_60107.png,BTR_60
210-2100BTR_60116.png,BTR_60
174-1700BTR_60135.png,BTR_60
091-0900BTR_60145.png,BTR_60
198-1900BTR_6064.png,BTR_60
078-0700BTR_60229.png,BTR_60
193-1900BTR_60156.png,BTR_60
080-0800BTR_6047.png,BTR_60
098-0900BTR_60149.png,BTR_60
231-2300BTR_60169.png,BTR_60
212-2100BTR_60216.png,BTR_60
227-2200BTR_60101.png,BTR_60
253-2500BTR_6067.png,BTR_60
181-1800BTR_6017.png,BTR_60
214-2100BTR_6051.png,BTR_60
166-1600BTR_6013.png,BTR_60
246-2400BTR_60166.png,BTR_60
173-1700BTR_60232.png,BTR_60
175-1700BTR_6011.png,BTR_60
207-2000BTR_6053.png,BTR_60
149-1400BTR_60188.png,BTR_60
123-1200BTR_60221.png,BTR_60
040-0400BTR_6021.png,BTR_60
235-2300BTR_60236.png,BTR_60
155-1500BTR_6087.png,BTR_60
140-1400BTR_60191.png,BTR_60
197-1900BTR_60222.png,BTR_60
061-0600BTR_60200.png,BTR_60
042-0400BTR_60180.png,BTR_60
192-1900BTR_6016.png,BTR_60
220-2200BTR_606.png,BTR_60
053-0500BTR_6020.png,BTR_60
097-0900BTR_60118.png,BTR_60
022-0200BTR_60254.png,BTR_60
016-0100BTR_60196.png,BTR_60
100-1000BTR_60160.png,BTR_60
126-1200BTR_6015.png,BTR_60
159-1500BTR_60143.png,BTR_60
111-1100BTR_600.png,BTR_60
000-0000BTR_608.png,BTR_60
106-1000BTR_6069.png,BTR_60
008-0000BTR_60132.png,BTR_60
088-0800BTR_60192.png,BTR_60
096-0900BTR_60255.png,BTR_60
213-2100BTR70(SN-C71)87.png,BTR70(SN-C71)
188-1800BTR70(SN-C71)17.png,BTR70(SN-C71)
115-1100BTR70(SN-C71)63.png,BTR70(SN-C71)
003-0000BTR70(SN-C71)30.png,BTR70(SN-C71)
144-1400BTR70(SN-C71)224.png,BTR70(SN-C71)
150-1500BTR70(SN-C71)137.png,BTR70(SN-C71)
223-2200BTR70(SN-C71)32.png,BTR70(SN-C71)
033-0300BTR70(SN-C71)84.png,BTR70(SN-C71)
201-2000BTR70(SN-C71)197.png,BTR70(SN-C71)
027-0200BTR70(SN-C71)44.png,BTR70(SN-C71)
118-1100BTR70(SN-C71)2.png,BTR70(SN-C71)
231-2300BTR70(SN-C71)154.png,BTR70(SN-C71)
032-0300BTR70(SN-C71)192.png,BTR70(SN-C71)
156-1500BTR70(SN-C71)100.png,BTR70(SN-C71)
204-2000BTR70(SN-C71)22.png,BTR70(SN-C71)
070-0700BTR70(SN-C71)94.png,BTR70(SN-C71)
086-0800BTR70(SN-C71)193.png,BTR70(SN-C71)
130-1300BTR70(SN-C71)204.png,BTR70(SN-C71)
002-0000BTR70(SN-C71)153.png,BTR70(SN-C71)
158-1500BTR70(SN-C71)21.png,BTR70(SN-C71)
099-0900BTR70(SN-C71)27.png,BTR70(SN-C71)
182-1800BTR70(SN-C71)55.png,BTR70(SN-C71)
042-0400BTR70(SN-C71)164.png,BTR70(SN-C71)
199-1900BTR70(SN-C71)166.png,BTR70(SN-C71)
049-0400BTR70(SN-C71)12.png,BTR70(SN-C71)
166-1600BTR70(SN-C71)11.png,BTR70(SN-C71)
122-1200BTR70(SN-C71)76.png,BTR70(SN-C71)
175-1700BTR70(SN-C71)9.png,BTR70(SN-C71)
069-0600BTR70(SN-C71)64.png,BTR70(SN-C71)
103-1000BTR70(SN-C71)124.png,BTR70(SN-C71)
129-1200BTR70(SN-C71)216.png,BTR70(SN-C71)
111-1100BTR70(SN-C71)0.png,BTR70(SN-C71)
040-0400BTR70(SN-C71)19.png,BTR70(SN-C71)
108-1000BTR70(SN-C71)41.png,BTR70(SN-C71)
009-0000BTR70(SN-C71)8.png,BTR70(SN-C71)
074-0700BTR70(SN-C71)40.png,BTR70(SN-C71)
047-0400BTR70(SN-C71)110.png,BTR70(SN-C71)
193-1900BTR70(SN-C71)143.png,BTR70(SN-C71)
135-1300BTR70(SN-C71)16.png,BTR70(SN-C71)
168-1600BTR70(SN-C71)90.png,BTR70(SN-C71)
184-1800BTR70(SN-C71)203.png,BTR70(SN-C71)
226-2200BTR70(SN-C71)212.png,BTR70(SN-C71)
127-1200BTR70(SN-C71)142.png,BTR70(SN-C71)
151-1500BTR70(SN-C71)29.png,BTR70(SN-C71)
218-2100BTR70(SN-C71)225.png,BTR70(SN-C71)
117-1100BTR70(SN-C71)208.png,BTR70(SN-C71)
004-0000BTR70(SN-C71)68.png,BTR70(SN-C71)
178-1700BTR70(SN-C71)69.png,BTR70(SN-C71)
061-0600BTR70(SN-C71)183.png,BTR70(SN-C71)
161-1600BTR70(SN-C71)88.png,BTR70(SN-C71)
024-0200BTR70(SN-C71)26.png,BTR70(SN-C71)
015-0100BTR70(SN-C71)215.png,BTR70(SN-C71)
012-0100BTR70(SN-C71)118.png,BTR70(SN-C71)
153-1500BTR70(SN-C71)174.png,BTR70(SN-C71)
088-0800BTR70(SN-C71)176.png,BTR70(SN-C71)
143-1400BTR70(SN-C71)138.png,BTR70(SN-C71)
014-0100BTR70(SN-C71)92.png,BTR70(SN-C71)
171-1700BTR70(SN-C71)66.png,BTR70(SN-C71)
064-0600BTR70(SN-C71)3.png,BTR70(SN-C71)
232-2300BTR70(SN-C71)116.png,BTR70(SN-C71)
230-2300BTR70(SN-C71)33.png,BTR70(SN-C71)
084-0800BTR70(SN-C71)107.png,BTR70(SN-C71)
106-1000BTR70(SN-C71)62.png,BTR70(SN-C71)
200-2000BTR70(SN-C71)86.png,BTR70(SN-C71)
217-2100BTR70(SN-C71)20.png,BTR70(SN-C71)
214-2100BTR70(SN-C71)46.png,BTR70(SN-C71)
085-0800BTR70(SN-C71)229.png,BTR70(SN-C71)
010-0100BTR70(SN-C71)31.png,BTR70(SN-C71)
131-1300BTR70(SN-C71)75.png,BTR70(SN-C71)
198-1900BTR70(SN-C71)59.png,BTR70(SN-C71)
092-0900BTR70(SN-C71)168.png,BTR70(SN-C71)
220-2200BTR70(SN-C71)5.png,BTR70(SN-C71)
147-1400BTR70(SN-C71)188.png,BTR70(SN-C71)
037-0300BTR70(SN-C71)23.png,BTR70(SN-C71)
116-1100BTR70(SN-C71)98.png,BTR70(SN-C71)
124-1200BTR70(SN-C71)162.png,BTR70(SN-C71)
190-1900BTR70(SN-C71)161.png,BTR70(SN-C71)
229-2200BTR70(SN-C71)10.png,BTR70(SN-C71)
016-0100BTR70(SN-C71)180.png,BTR70(SN-C71)
206-2000BTR70(SN-C71)171.png,BTR70(SN-C71)
139-1300BTR70(SN-C71)200.png,BTR70(SN-C71)
228-2200BTR70(SN-C71)122.png,BTR70(SN-C71)
211-2100BTR70(SN-C71)227.png,BTR70(SN-C71)
039-0300BTR70(SN-C71)99.png,BTR70(SN-C71)
164-1600BTR70(SN-C71)156.png,BTR70(SN-C71)
063-0600BTR70(SN-C71)95.png,BTR70(SN-C71)
159-1500BTR70(SN-C71)130.png,BTR70(SN-C71)
126-1200BTR70(SN-C71)13.png,BTR70(SN-C71)
203-2000BTR70(SN-C71)103.png,BTR70(SN-C71)
141-1400BTR70(SN-C71)49.png,BTR70(SN-C71)
187-1800BTR70(SN-C71)222.png,BTR70(SN-C71)
179-1700BTR70(SN-C71)182.png,BTR70(SN-C71)
133-1300BTR70(SN-C71)221.png,BTR70(SN-C71)
148-1400BTR70(SN-C71)47.png,BTR70(SN-C71)
154-1500BTR70(SN-C71)190.png,BTR70(SN-C71)
050-0500BTR70(SN-C71)57.png,BTR70(SN-C71)
062-0600BTR70(SN-C71)205.png,BTR70(SN-C71)
036-0300BTR70(SN-C71)134.png,BTR70(SN-C71)
174-1700BTR70(SN-C71)123.png,BTR70(SN-C71)
162-1600BTR70(SN-C71)65.png,BTR70(SN-C71)
018-0100BTR70(SN-C71)158.png,BTR70(SN-C71)
056-0500BTR70(SN-C71)198.png,BTR70(SN-C71)
121-1200BTR70(SN-C71)115.png,BTR70(SN-C71)
020-0200BTR70(SN-C71)83.png,BTR70(SN-C71)
089-0800BTR70(SN-C71)51.png,BTR70(SN-C71)
101-1000BTR70(SN-C71)38.png,BTR70(SN-C71)
202-2000BTR70(SN-C71)228.png,BTR70(SN-C71)
041-0400BTR70(SN-C71)145.png,BTR70(SN-C71)
053-0500BTR70(SN-C71)18.png,BTR70(SN-C71)
034-0300BTR70(SN-C71)43.png,BTR70(SN-C71)
172-1700BTR70(SN-C71)89.png,BTR70(SN-C71)
142-1400BTR70(SN-C71)28.png,BTR70(SN-C71)
107-1000BTR70(SN-C71)186.png,BTR70(SN-C71)
068-0600BTR70(SN-C71)187.png,BTR70(SN-C71)
195-1900BTR70(SN-C71)114.png,BTR70(SN-C71)
173-1700BTR70(SN-C71)210.png,BTR70(SN-C71)
225-2200BTR70(SN-C71)181.png,BTR70(SN-C71)
035-0300BTR70(SN-C71)170.png,BTR70(SN-C71)
013-0100BTR70(SN-C71)7.png,BTR70(SN-C71)
082-0800BTR70(SN-C71)135.png,BTR70(SN-C71)
096-0900BTR70(SN-C71)232.png,BTR70(SN-C71)
007-0000BTR70(SN-C71)93.png,BTR70(SN-C71)
022-0200BTR70(SN-C71)231.png,BTR70(SN-C71)
227-2200BTR70(SN-C71)91.png,BTR70(SN-C71)
191-1900BTR70(SN-C71)52.png,BTR70(SN-C71)
019-0100BTR70(SN-C71)36.png,BTR70(SN-C71)
185-1800BTR70(SN-C71)74.png,BTR70(SN-C71)
177-1700BTR70(SN-C71)157.png,BTR70(SN-C71)
059-0500BTR70(SN-C71)56.png,BTR70(SN-C71)
186-1800BTR70(SN-C71)113.png,BTR70(SN-C71)
091-0900BTR70(SN-C71)132.png,BTR70(SN-C71)
048-0400BTR70(SN-C71)139.png,BTR70(SN-C71)
138-1300BTR70(SN-C71)73.png,BTR70(SN-C71)
215-2100BTR70(SN-C71)173.png,BTR70(SN-C71)
120-1200BTR70(SN-C71)220.png,BTR70(SN-C71)
023-0200BTR70(SN-C71)105.png,BTR70(SN-C71)
075-0700BTR70(SN-C71)149.png,BTR70(SN-C71)
058-0500BTR70(SN-C71)163.png,BTR70(SN-C71)
205-2000BTR70(SN-C71)129.png,BTR70(SN-C71)
077-0700BTR70(SN-C71)4.png,BTR70(SN-C71)
097-0900BTR70(SN-C71)106.png,BTR70(SN-C71)
025-0200BTR70(SN-C71)133.png,BTR70(SN-C71)
029-0200BTR70(SN-C71)81.png,BTR70(SN-C71)
132-1300BTR70(SN-C71)112.png,BTR70(SN-C71)
081-0800BTR70(SN-C71)169.png,BTR70(SN-C71)
076-0700BTR70(SN-C71)127.png,BTR70(SN-C71)
017-0100BTR70(SN-C71)67.png,BTR70(SN-C71)
044-0400BTR70(SN-C71)71.png,BTR70(SN-C71)
183-1800BTR70(SN-C71)160.png,BTR70(SN-C71)
119-1100BTR70(SN-C71)126.png,BTR70(SN-C71)
165-1600BTR70(SN-C71)35.png,BTR70(SN-C71)
052-0500BTR70(SN-C71)146.png,BTR70(SN-C71)
189-1800BTR70(SN-C71)144.png,BTR70(SN-C71)
065-0600BTR70(SN-C71)128.png,BTR70(SN-C71)
008-0000BTR70(SN-C71)120.png,BTR70(SN-C71)
160-1600BTR70(SN-C71)211.png,BTR70(SN-C71)
167-1600BTR70(SN-C71)121.png,BTR70(SN-C71)
208-2000BTR70(SN-C71)189.png,BTR70(SN-C71)
102-1000BTR70(SN-C71)1.png,BTR70(SN-C71)
210-2100BTR70(SN-C71)104.png,BTR70(SN-C71)
083-0800BTR70(SN-C71)24.png,BTR70(SN-C71)
094-0900BTR70(SN-C71)82.png,BTR70(SN-C71)
031-0300BTR70(SN-C71)230.png,BTR70(SN-C71)
080-0800BTR70(SN-C71)42.png,BTR70(SN-C71)
071-0700BTR70(SN-C71)206.png,BTR70(SN-C71)
194-1900BTR70(SN-C71)219.png,BTR70(SN-C71)
209-2000BTR70(SN-C71)79.png,BTR70(SN-C71)
030-0300BTR70(SN-C71)108.png,BTR70(SN-C71)
066-0600BTR70(SN-C71)150.png,BTR70(SN-C71)
005-0000BTR70(SN-C71)179.png,BTR70(SN-C71)
109-1000BTR70(SN-C71)151.png,BTR70(SN-C71)
192-1900BTR70(SN-C71)14.png,BTR70(SN-C71)
155-1500BTR70(SN-C71)78.png,BTR70(SN-C71)
026-0200BTR70(SN-C71)167.png,BTR70(SN-C71)
045-0400BTR70(SN-C71)199.png,BTR70(SN-C71)
114-1100BTR70(SN-C71)185.png,BTR70(SN-C71)
125-1200BTR70(SN-C71)53.png,BTR70(SN-C71)
149-1400BTR70(SN-C71)172.png,BTR70(SN-C71)
216-2100BTR70(SN-C71)131.png,BTR70(SN-C71)
137-1300BTR70(SN-C71)159.png,BTR70(SN-C71)
073-0700BTR70(SN-C71)60.png,BTR70(SN-C71)
028-0200BTR70(SN-C71)191.png,BTR70(SN-C71)
046-0400BTR70(SN-C71)218.png,BTR70(SN-C71)
169-1600BTR70(SN-C71)213.png,BTR70(SN-C71)
157-1500BTR70(SN-C71)226.png,BTR70(SN-C71)
072-0700BTR70(SN-C71)184.png,BTR70(SN-C71)
057-0500BTR70(SN-C71)72.png,BTR70(SN-C71)
011-0100BTR70(SN-C71)152.png,BTR70(SN-C71)
112-1100BTR70(SN-C71)37.png,BTR70(SN-C71)
043-0400BTR70(SN-C71)58.png,BTR70(SN-C71)
098-0900BTR70(SN-C71)136.png,BTR70(SN-C71)
087-0800BTR70(SN-C71)85.png,BTR70(SN-C71)
051-0500BTR70(SN-C71)165.png,BTR70(SN-C71)
145-1400BTR70(SN-C71)102.png,BTR70(SN-C71)
067-0600BTR70(SN-C71)39.png,BTR70(SN-C71)
163-1600BTR70(SN-C71)178.png,BTR70(SN-C71)
093-0900BTR70(SN-C71)45.png,BTR70(SN-C71)
100-1000BTR70(SN-C71)147.png,BTR70(SN-C71)
146-1400BTR70(SN-C71)80.png,BTR70(SN-C71)
196-1900BTR70(SN-C71)77.png,BTR70(SN-C71)
128-1200BTR70(SN-C71)109.png,BTR70(SN-C71)
176-1700BTR70(SN-C71)34.png,BTR70(SN-C71)
212-2100BTR70(SN-C71)196.png,BTR70(SN-C71)
224-2200BTR70(SN-C71)70.png,BTR70(SN-C71)
222-2200BTR70(SN-C71)155.png,BTR70(SN-C71)
078-0700BTR70(SN-C71)207.png,BTR70(SN-C71)
136-1300BTR70(SN-C71)54.png,BTR70(SN-C71)
095-0900BTR70(SN-C71)194.png,BTR70(SN-C71)
104-1000BTR70(SN-C71)209.png,BTR70(SN-C71)
180-1800BTR70(SN-C71)140.png,BTR70(SN-C71)
207-2000BTR70(SN-C71)48.png,BTR70(SN-C71)
219-2100BTR70(SN-C71)101.png,BTR70(SN-C71)
079-0700BTR70(SN-C71)96.png,BTR70(SN-C71)
105-1000BTR70(SN-C71)97.png,BTR70(SN-C71)
006-0000BTR70(SN-C71)214.png,BTR70(SN-C71)
001-0000BTR70(SN-C71)119.png,BTR70(SN-C71)
140-1400BTR70(SN-C71)175.png,BTR70(SN-C71)
152-1500BTR70(SN-C71)50.png,BTR70(SN-C71)
090-0900BTR70(SN-C71)25.png,BTR70(SN-C71)
113-1100BTR70(SN-C71)148.png,BTR70(SN-C71)
221-2200BTR70(SN-C71)117.png,BTR70(SN-C71)
170-1700BTR70(SN-C71)177.png,BTR70(SN-C71)
110-1100BTR70(SN-C71)125.png,BTR70(SN-C71)
000-0000BTR70(SN-C71)6.png,BTR70(SN-C71)
181-1800BTR70(SN-C71)15.png,BTR70(SN-C71)
060-0600BTR70(SN-C71)61.png,BTR70(SN-C71)
038-0300BTR70(SN-C71)223.png,BTR70(SN-C71)
054-0500BTR70(SN-C71)111.png,BTR70(SN-C71)
123-1200BTR70(SN-C71)201.png,BTR70(SN-C71)
021-0200BTR70(SN-C71)195.png,BTR70(SN-C71)
055-0500BTR70(SN-C71)217.png,BTR70(SN-C71)
197-1900BTR70(SN-C71)202.png,BTR70(SN-C71)
134-1300BTR70(SN-C71)141.png,BTR70(SN-C71)
